{
    "object_name": "Circle",
    "face_verts": [
        [
            1,
            2,
            3,
            4,
            5,
            6,
            7,
            8,
            9,
            10,
            11,
            12,
            13,
            14,
            15,
            16,
            17,
            18,
            19,
            20,
            21,
            22,
            23,
            24,
            25,
            26,
            27,
            28,
            29,
            30,
            31,
            0
        ]
    ],
    "vert_coordinates": [
        [
            0.0,
            1.0,
            0.0
        ],
        [
            -0.19509032368659973,
            0.9807852506637573,
            0.0
        ],
        [
            -0.3826834559440613,
            0.9238795042037964,
            0.0
        ],
        [
            -0.5555702447891235,
            0.8314695954322815,
            0.0
        ],
        [
            -0.7071067690849304,
            0.7071067690849304,
            0.0
        ],
        [
            -0.8314695954322815,
            0.5555702447891235,
            0.0
        ],
        [
            -0.9238795042037964,
            0.3826834559440613,
            0.0
        ],
        [
            -0.9807852506637573,
            0.19509032368659973,
            0.0
        ],
        [
            -1.0,
            0.0,
            0.0
        ],
        [
            -0.9807852506637573,
            -0.19509032368659973,
            0.0
        ],
        [
            -0.9238795042037964,
            -0.3826834559440613,
            0.0
        ],
        [
            -0.8314695954322815,
            -0.5555702447891235,
            0.0
        ],
        [
            -0.7071067690849304,
            -0.7071067690849304,
            0.0
        ],
        [
            -0.5555702447891235,
            -0.8314695954322815,
            0.0
        ],
        [
            -0.3826834559440613,
            -0.9238795042037964,
            0.0
        ],
        [
            -0.19509032368659973,
            -0.9807852506637573,
            0.0
        ],
        [
            0.0,
            -1.0,
            0.0
        ],
        [
            0.19509032368659973,
            -0.9807852506637573,
            0.0
        ],
        [
            0.3826834559440613,
            -0.9238795042037964,
            0.0
        ],
        [
            0.5555702447891235,
            -0.8314695954322815,
            0.0
        ],
        [
            0.7071067690849304,
            -0.7071067690849304,
            0.0
        ],
        [
            0.8314695954322815,
            -0.5555702447891235,
            0.0
        ],
        [
            0.9238795042037964,
            -0.3826834559440613,
            0.0
        ],
        [
            0.9807852506637573,
            -0.19509032368659973,
            0.0
        ],
        [
            1.0,
            0.0,
            0.0
        ],
        [
            0.9807852506637573,
            0.19509032368659973,
            0.0
        ],
        [
            0.9238795042037964,
            0.3826834559440613,
            0.0
        ],
        [
            0.8314695954322815,
            0.5555702447891235,
            0.0
        ],
        [
            0.7071067690849304,
            0.7071067690849304,
            0.0
        ],
        [
            0.5555702447891235,
            0.8314695954322815,
            0.0
        ],
        [
            0.3826834559440613,
            0.9238795042037964,
            0.0
        ],
        [
            0.19509032368659973,
            0.9807852506637573,
            0.0
        ]
    ]
}